{"v":"5.7.4","fr":29.9700012207031,"ip":0,"op":100.000004073084,"w":800,"h":600,"nm":"Comp 1","ddd":0,"assets":[{"id":"comp_0","layers":[{"ddd":0,"ind":1,"ty":4,"nm":"Слой 5 Outlines 2","sr":1,"ks":{"o":{"a":0,"k":100,"ix":11},"r":{"a":0,"k":0,"ix":10},"p":{"a":1,"k":[{"i":{"x":0.61,"y":1},"o":{"x":0.167,"y":0},"t":20,"s":[750,473,0],"to":[104.014,-579.328,0],"ti":[0,0,0]},{"i":{"x":0.61,"y":0.61},"o":{"x":0.167,"y":0.167},"t":30,"s":[992,473,0],"to":[0,0,0],"ti":[0,0,0]},{"i":{"x":0.61,"y":0.61},"o":{"x":0.167,"y":0.167},"t":40,"s":[992,473,0],"to":[0,0,0],"ti":[0,0,0]},{"i":{"x":0.61,"y":1},"o":{"x":0.42,"y":0},"t":50,"s":[992,473,0],"to":[0,0,0],"ti":[0,0,0]},{"i":{"x":0.61,"y":0.61},"o":{"x":0.167,"y":0.167},"t":60,"s":[1237,473,0],"to":[0,0,0],"ti":[0,0,0]},{"i":{"x":0.61,"y":1},"o":{"x":0.167,"y":0},"t":70,"s":[1237,473,0],"to":[0,0,0],"ti":[0,0,0]},{"i":{"x":0.61,"y":1},"o":{"x":0.167,"y":0},"t":80,"s":[1241,671,0],"to":[0,0,0],"ti":[0,0,0]},{"i":{"x":0.61,"y":1},"o":{"x":0.167,"y":0},"t":90,"s":[509,669,0],"to":[0,0,0],"ti":[0,0,0]},{"t":96.0000039101602,"s":[507,475,0]}],"ix":2,"l":2},"a":{"a":0,"k":[91.25,91.25,0],"ix":1,"l":2},"s":{"a":0,"k":[100,100,100],"ix":6,"l":2}},"ao":0,"shapes":[{"ty":"gr","it":[{"ind":0,"ty":"sh","ix":1,"ks":{"a":0,"k":{"i":[[0,-50.258],[50.258,0],[0,50.258],[-50.258,0]],"o":[[0,50.258],[-50.258,0],[0,-50.258],[50.258,0]],"v":[[91,0],[0,91],[-91,0],[0,-91]],"c":true},"ix":2},"nm":"Path 1","mn":"ADBE Vector Shape - Group","hd":false},{"ty":"fl","c":{"a":0,"k":[0.859000052658,0.322000002394,0.322000002394,1],"ix":4},"o":{"a":0,"k":100,"ix":5},"r":1,"bm":0,"nm":"Fill 1","mn":"ADBE Vector Graphic - Fill","hd":false},{"ty":"tr","p":{"a":0,"k":[91.25,91.25],"ix":2},"a":{"a":0,"k":[0,0],"ix":1},"s":{"a":0,"k":[100,100],"ix":3},"r":{"a":0,"k":0,"ix":6},"o":{"a":0,"k":100,"ix":7},"sk":{"a":0,"k":0,"ix":4},"sa":{"a":0,"k":0,"ix":5},"nm":"Transform"}],"nm":"Group 1","np":2,"cix":2,"bm":0,"ix":1,"mn":"ADBE Vector Group","hd":false}],"ip":19.0000007738859,"op":101.000004113814,"st":0,"bm":0},{"ddd":0,"ind":2,"ty":4,"nm":"Слой 5 Outlines","sr":1,"ks":{"o":{"a":0,"k":100,"ix":11},"r":{"a":0,"k":0,"ix":10},"p":{"a":1,"k":[{"i":{"x":0.5,"y":1},"o":{"x":0.167,"y":0.167},"t":0,"s":[505,473,0],"to":[16.833,328,0],"ti":[49.167,176,0]},{"t":10.0000004073083,"s":[750,473,0]}],"ix":2,"l":2},"a":{"a":0,"k":[91.25,91.25,0],"ix":1,"l":2},"s":{"a":0,"k":[100,100,100],"ix":6,"l":2}},"ao":0,"shapes":[{"ty":"gr","it":[{"ind":0,"ty":"sh","ix":1,"ks":{"a":0,"k":{"i":[[0,-50.258],[50.258,0],[0,50.258],[-50.258,0]],"o":[[0,50.258],[-50.258,0],[0,-50.258],[50.258,0]],"v":[[91,0],[0,91],[-91,0],[0,-91]],"c":true},"ix":2},"nm":"Path 1","mn":"ADBE Vector Shape - Group","hd":false},{"ty":"fl","c":{"a":0,"k":[0.859000052658,0.322000002394,0.322000002394,1],"ix":4},"o":{"a":0,"k":100,"ix":5},"r":1,"bm":0,"nm":"Fill 1","mn":"ADBE Vector Graphic - Fill","hd":false},{"ty":"tr","p":{"a":0,"k":[91.25,91.25],"ix":2},"a":{"a":0,"k":[0,0],"ix":1},"s":{"a":0,"k":[100,100],"ix":3},"r":{"a":0,"k":0,"ix":6},"o":{"a":0,"k":100,"ix":7},"sk":{"a":0,"k":0,"ix":4},"sa":{"a":0,"k":0,"ix":5},"nm":"Transform"}],"nm":"Group 1","np":2,"cix":2,"bm":0,"ix":1,"mn":"ADBE Vector Group","hd":false}],"ip":0,"op":19.0000007738859,"st":0,"bm":0},{"ddd":0,"ind":3,"ty":4,"nm":"Слой 4 Outlines","sr":1,"ks":{"o":{"a":0,"k":100,"ix":11},"r":{"a":0,"k":0,"ix":10},"p":{"a":1,"k":[{"i":{"x":0.5,"y":1},"o":{"x":0.167,"y":0.167},"t":0,"s":[749,473,0],"to":[-40.667,0,0],"ti":[40.667,0,0]},{"i":{"x":0.5,"y":0.5},"o":{"x":0.167,"y":0.167},"t":10,"s":[505,473,0],"to":[0,0,0],"ti":[0,0,0]},{"i":{"x":0.833,"y":0.833},"o":{"x":0.167,"y":0},"t":83,"s":[505,473,0],"to":[40.667,0,0],"ti":[-40.667,0,0]},{"t":90.0000036657751,"s":[749,473,0]}],"ix":2,"l":2},"a":{"a":0,"k":[91.25,91.25,0],"ix":1,"l":2},"s":{"a":0,"k":[100,100,100],"ix":6,"l":2}},"ao":0,"shapes":[{"ty":"gr","it":[{"ind":0,"ty":"sh","ix":1,"ks":{"a":0,"k":{"i":[[0,-50.258],[50.258,0],[0,50.258],[-50.258,0]],"o":[[0,50.258],[-50.258,0],[0,-50.258],[50.258,0]],"v":[[91,0],[0,91],[-91,0],[0,-91]],"c":true},"ix":2},"nm":"Path 1","mn":"ADBE Vector Shape - Group","hd":false},{"ty":"fl","c":{"a":0,"k":[0.411999990426,0.728999956916,0.310000011968,1],"ix":4},"o":{"a":0,"k":100,"ix":5},"r":1,"bm":0,"nm":"Fill 1","mn":"ADBE Vector Graphic - Fill","hd":false},{"ty":"tr","p":{"a":0,"k":[91.25,91.25],"ix":2},"a":{"a":0,"k":[0,0],"ix":1},"s":{"a":0,"k":[100,100],"ix":3},"r":{"a":0,"k":0,"ix":6},"o":{"a":0,"k":100,"ix":7},"sk":{"a":0,"k":0,"ix":4},"sa":{"a":0,"k":0,"ix":5},"nm":"Transform"}],"nm":"Group 1","np":2,"cix":2,"bm":0,"ix":1,"mn":"ADBE Vector Group","hd":false}],"ip":-8.00000032584668,"op":900.000036657751,"st":0,"bm":0},{"ddd":0,"ind":4,"ty":4,"nm":"Слой 3 Outlines","sr":1,"ks":{"o":{"a":0,"k":100,"ix":11},"r":{"a":0,"k":0,"ix":10},"p":{"a":1,"k":[{"i":{"x":0.5,"y":1},"o":{"x":0.42,"y":0},"t":20,"s":[993,473,0],"to":[-40.277,0,0],"ti":[40.277,0,0]},{"i":{"x":0.5,"y":0.5},"o":{"x":0.167,"y":0.167},"t":31,"s":[751.341,473,0],"to":[0,0,0],"ti":[0,0,0]},{"i":{"x":0.833,"y":1},"o":{"x":0.167,"y":0},"t":81,"s":[751.341,473,0],"to":[40.277,0,0],"ti":[-40.277,0,0]},{"t":88.0000035843135,"s":[993,473,0]}],"ix":2,"l":2},"a":{"a":0,"k":[91.25,91.25,0],"ix":1,"l":2},"s":{"a":0,"k":[100,100,100],"ix":6,"l":2}},"ao":0,"shapes":[{"ty":"gr","it":[{"ind":0,"ty":"sh","ix":1,"ks":{"a":0,"k":{"i":[[0,-50.258],[50.258,0],[0,50.258],[-50.258,0]],"o":[[0,50.258],[-50.258,0],[0,-50.258],[50.258,0]],"v":[[91,0],[0,91],[-91,0],[0,-91]],"c":true},"ix":2},"nm":"Path 1","mn":"ADBE Vector Shape - Group","hd":false},{"ty":"fl","c":{"a":0,"k":[0.294000004787,0.611999990426,0.74900004069,1],"ix":4},"o":{"a":0,"k":100,"ix":5},"r":1,"bm":0,"nm":"Fill 1","mn":"ADBE Vector Graphic - Fill","hd":false},{"ty":"tr","p":{"a":0,"k":[91.25,91.25],"ix":2},"a":{"a":0,"k":[0,0],"ix":1},"s":{"a":0,"k":[100,100],"ix":3},"r":{"a":0,"k":0,"ix":6},"o":{"a":0,"k":100,"ix":7},"sk":{"a":0,"k":0,"ix":4},"sa":{"a":0,"k":0,"ix":5},"nm":"Transform"}],"nm":"Group 1","np":2,"cix":2,"bm":0,"ix":1,"mn":"ADBE Vector Group","hd":false}],"ip":-8.00000032584668,"op":900.000036657751,"st":0,"bm":0},{"ddd":0,"ind":5,"ty":4,"nm":"Слой 2 Outlines","sr":1,"ks":{"o":{"a":0,"k":100,"ix":11},"r":{"a":0,"k":0,"ix":10},"p":{"a":1,"k":[{"i":{"x":0.61,"y":1},"o":{"x":0.42,"y":0},"t":50,"s":[1237,473,0],"to":[-40.833,0,0],"ti":[40.833,0,0]},{"i":{"x":0.61,"y":0.61},"o":{"x":0.167,"y":0.167},"t":60,"s":[992,473,0],"to":[0,0,0],"ti":[0,0,0]},{"i":{"x":0.61,"y":1},"o":{"x":0.167,"y":0},"t":79,"s":[992,473,0],"to":[40.667,0,0],"ti":[-40.667,0,0]},{"t":87.0000035435826,"s":[1236,473,0]}],"ix":2,"l":2},"a":{"a":0,"k":[91.25,91.25,0],"ix":1,"l":2},"s":{"a":0,"k":[100,100,100],"ix":6,"l":2}},"ao":0,"shapes":[{"ty":"gr","it":[{"ind":0,"ty":"sh","ix":1,"ks":{"a":0,"k":{"i":[[0,-50.258],[50.258,0],[0,50.258],[-50.258,0]],"o":[[0,50.258],[-50.258,0],[0,-50.258],[50.258,0]],"v":[[91,0],[0,91],[-91,0],[0,-91]],"c":true},"ix":2},"nm":"Path 1","mn":"ADBE Vector Shape - Group","hd":false},{"ty":"fl","c":{"a":0,"k":[0.866999966491,0.62400004069,0.305999995213,1],"ix":4},"o":{"a":0,"k":100,"ix":5},"r":1,"bm":0,"nm":"Fill 1","mn":"ADBE Vector Graphic - Fill","hd":false},{"ty":"tr","p":{"a":0,"k":[91.25,91.25],"ix":2},"a":{"a":0,"k":[0,0],"ix":1},"s":{"a":0,"k":[100,100],"ix":3},"r":{"a":0,"k":0,"ix":6},"o":{"a":0,"k":100,"ix":7},"sk":{"a":0,"k":0,"ix":4},"sa":{"a":0,"k":0,"ix":5},"nm":"Transform"}],"nm":"Group 1","np":2,"cix":2,"bm":0,"ix":1,"mn":"ADBE Vector Group","hd":false}],"ip":-8.00000032584668,"op":900.000036657751,"st":0,"bm":0}]}],"layers":[{"ddd":0,"ind":1,"ty":0,"nm":"dots","refId":"comp_0","sr":1,"ks":{"o":{"a":0,"k":100,"ix":11},"r":{"a":0,"k":0,"ix":10},"p":{"a":0,"k":[400,300,0],"ix":2,"l":2},"a":{"a":0,"k":[960,540,0],"ix":1,"l":2},"s":{"a":0,"k":[15,15,100],"ix":6,"l":2}},"ao":0,"w":1920,"h":1080,"ip":0,"op":101.000004113814,"st":0,"bm":0}],"markers":[]}